Begin
for c in (select table_name from user_tables) loop
execute immediate ('drop table '||c.table_name||' cascade constraints');
end loop;
End; 
/

CREATE TABLE VENDOR (  
V_CODE 			number,  
V_NAME 		VARCHAR(35) NOT NULL,  
V_CONTACT 	VARCHAR(15) NOT NULL,  
V_AREACODE 	CHAR(3) NOT NULL,  
V_PHONE 	CHAR(8) NOT NULL,  
V_STATE 	CHAR(2) NOT NULL,  
V_ORDER 	CHAR(1) NOT NULL,  
PRIMARY KEY (V_CODE));

CREATE TABLE PRODUCT ( 
P_CODE 	VARCHAR2(10) CONSTRAINT PRODUCT_P_CODE_PK PRIMARY KEY, 
P_DESCRIPT 	VARCHAR2(35) NOT NULL, 
P_INDATE 	DATE NOT NULL, 
P_QOH 	  	NUMBER NOT NULL, 
P_MIN 		NUMBER NOT NULL, 
P_PRICE 	NUMBER(8,2) NOT NULL, 
P_DISCOUNT 	NUMBER(5,2) NOT NULL, 
V_CODE 		NUMBER, 
CONSTRAINT PRODUCT_V_CODE_FK 
FOREIGN KEY (V_CODE) REFERENCES VENDOR);

CREATE TABLE CUSTOMER ( 
CUS_CODE	NUMBER PRIMARY KEY, 
CUS_LNAME	VARCHAR(15) NOT NULL, 
CUS_FNAME	VARCHAR(15) NOT NULL, 
CUS_INITIAL	CHAR(1), 
CUS_AREACODE 	CHAR(3) DEFAULT '615' NOT NULL CHECK(CUS_AREACODE IN ('615','713','931')), 
CUS_PHONE	CHAR(8) NOT NULL, 
CUS_BALANCE	NUMBER(9,2) DEFAULT 0.00, 
CONSTRAINT CUS_UI1 UNIQUE(CUS_LNAME,CUS_FNAME));

CREATE TABLE INVOICE ( 
INV_NUMBER     	NUMBER PRIMARY KEY, 
CUS_CODE	NUMBER NOT NULL REFERENCES CUSTOMER(CUS_CODE), 
INV_DATE  	DATE DEFAULT SYSDATE NOT NULL, 
CONSTRAINT INV_CK1 CHECK (INV_DATE > TO_DATE('01-JAN-2012','DD-MON-YYYY')));



CREATE TABLE LINE ( 
INV_NUMBER 	NUMBER NOT NULL, 
LINE_NUMBER	NUMBER(2,0) NOT NULL, 
P_CODE		VARCHAR(10) NOT NULL, 
LINE_UNITS	NUMBER(9,2) DEFAULT 0.00 NOT NULL, 
LINE_PRICE	NUMBER(9,2) DEFAULT 0.00 NOT NULL, 
PRIMARY KEY (INV_NUMBER,LINE_NUMBER), 
FOREIGN KEY (INV_NUMBER) REFERENCES INVOICE ON DELETE CASCADE, 
FOREIGN KEY (P_CODE) REFERENCES PRODUCT(P_CODE), 
CONSTRAINT LINE_UI1 UNIQUE(INV_NUMBER, P_CODE));


-- VENDOR

INSERT INTO VENDOR VALUES(21225,'Bryson, Inc.'    ,'Smithson','615','223-3234','TN','Y');

INSERT INTO VENDOR VALUES(21226,'SuperLoo, Inc.'  ,'Flushing','904','215-8995','FL','N');

INSERT INTO VENDOR VALUES(21231,'DE Supply'     ,'Singh'   ,'615','228-3245','TN','Y');

INSERT INTO VENDOR VALUES(21344,'Gomez Bros.'     ,'Ortega'  ,'615','889-2546','KY','N');

INSERT INTO VENDOR VALUES(22567,'Dome Supply'     ,'Smith'   ,'901','678-1419','GA','N');

INSERT INTO VENDOR VALUES(23119,'Randsets Ltd.'   ,'Anderson','901','678-3998','GA','Y');

INSERT INTO VENDOR VALUES(24004,'Brackman Bros.'  ,'Browning','615','228-1410','TN','N');

INSERT INTO VENDOR VALUES(24288,'ORDVA, Inc.'     ,'Hakford' ,'615','898-1234','TN','Y');

INSERT INTO VENDOR VALUES(25443,'BK, Inc.'      ,'Smith'   ,'904','227-0093','FL','N');

INSERT INTO VENDOR VALUES(25501,'Damal Supplies'  ,'Smythe'  ,'615','890-3529','TN','N');

INSERT INTO VENDOR VALUES(25595,'Rubicon Systems' ,'Orton'   ,'904','456-0092','FL','Y');

-- Product

INSERT INTO PRODUCT VALUES('11QER/31','Power painter, 15 psi., 3-nozzle'     ,TO_DATE('03-NOV-2011','DD-MON-YYYY'),  8,  5,109.99,0.00,25595);

INSERT INTO PRODUCT VALUES('13-Q2/P2','7.25-in. pwr. saw blade'              ,TO_DATE('13-DEC-2011','DD-MON-YYYY'), 32, 15, 14.99,0.05,21344);

INSERT INTO PRODUCT VALUES('14-Q1/L3','9.00-in. pwr. saw blade'              ,TO_DATE('13-NOV-2011','DD-MON-YYYY'), 18, 12, 17.49,0.00,21344);

INSERT INTO PRODUCT VALUES('1546-QQ2','Hrd. cloth, 1/4-in., 2x50'            ,TO_DATE('15-JAN-2012','DD-MON-YYYY'), 15,  8, 39.95,0.00,23119);

INSERT INTO PRODUCT VALUES('1558-QW1','Hrd. cloth, 1/2-in., 3x50'            ,TO_DATE('15-JAN-2012', 'DD-MON-YYYY'), 23,  5, 43.99,0.00,23119);

INSERT INTO PRODUCT VALUES('2232/QTY','BD jigsaw, 12-in. blade'            ,TO_DATE('30-DEC-2011','DD-MON-YYYY'),  8,  5,109.92,0.05,24288);

INSERT INTO PRODUCT VALUES('2232/QWE','BD jigsaw, 8-in. blade'             ,TO_DATE('24-DEC-2011','DD-MON-YYYY'),  6,  5, 99.87,0.05,24288);

INSERT INTO PRODUCT VALUES('2238/QPD','BD cordless drill, 1/2-in.'         ,TO_DATE('20-JAN-2012','DD-MON-YYYY'), 12,  5, 38.95,0.05,25595);

INSERT INTO PRODUCT VALUES('23109-HB','Claw hammer'                          ,TO_DATE('20-JAN-2012' ,'DD-MON-YYYY'), 23, 10,  9.95,0.10,21225);

INSERT INTO PRODUCT VALUES('23114-AA','Sledge hammer, 12 lb.', TO_DATE ('02-JAN-2012','DD-MON-YYYY'),  8,  5, 14.40,0.05,NULL);

INSERT INTO PRODUCT VALUES('54778-2T','Rat-tail file, 1/8-in. fine'          ,TO_DATE('15-DEC-2011','DD-MON-YYYY'), 43, 20,  4.99,0.00,21344);

INSERT INTO PRODUCT VALUES('89-WRE-Q','Hicut chain saw, 16 in.'              ,TO_DATE('07-FEB-2012','DD-MON-YYYY'), 11,  5,256.99,0.05,24288);

INSERT INTO PRODUCT VALUES('PVC23DRT','PVC pipe, 3.5-in., 8-ft'              ,TO_DATE('20-FEB-2012','DD-MON-YYYY'),188, 75,  5.87,0.00,NULL);

INSERT INTO PRODUCT VALUES('SM-18277','1.25-in. metal screw, 25'             ,TO_DATE('01-MAR-2012','DD-MON-YYYY'),172, 75,  6.99,0.00,21225);

INSERT INTO PRODUCT VALUES('SW-23116','2.5-in. wd. screw, 50'                ,TO_DATE('24-FEB-2012','DD-MON-YYYY'),237,100,  8.45,0.00,21231);

INSERT INTO PRODUCT VALUES('WR3/TT3' ,'Steel matting, 4''x8''x1/6", .5" mesh',TO_DATE('17-JAN-2012','DD-MON-YYYY'), 18,  5,119.95,0.10,25595);

-- Customer

INSERT INTO CUSTOMER VALUES(10010,'Ramas'   ,'Alfred','A' ,'615','844-2573',0);

INSERT INTO CUSTOMER VALUES(10011,'Dunne'   ,'Leona' ,'K' ,'713','894-1238',0);

INSERT INTO CUSTOMER VALUES(10012,'Smith'   ,'Kathy' ,'W' ,'615','894-2285',345.86);

INSERT INTO CUSTOMER VALUES(10013,'Olowski' ,'Paul'  ,'F' ,'615','894-2180',536.75);

INSERT INTO CUSTOMER VALUES(10014,'Orlando' ,'Myron' ,NULL,'615','222-1672',0);

INSERT INTO CUSTOMER VALUES(10015,'O''Brian','Amy'   ,'B' ,'713','442-3381',0);

INSERT INTO CUSTOMER VALUES(10016,'Brown'   ,'James' ,'G' ,'615','297-1228',221.19);

INSERT INTO CUSTOMER VALUES(10017,'Williams','George',NULL,'615','290-2556',768.93);

INSERT INTO CUSTOMER VALUES(10018,'Farriss' ,'Anne'  ,'G' ,'713','382-7185',216.55);

INSERT INTO CUSTOMER VALUES(10019,'Smith'   ,'Olette','K' ,'615','297-3809',0);

INSERT INTO INVOICE VALUES(1001,10014,TO_DATE('16-JAN-2012','DD-MON-YYYY'));

INSERT INTO INVOICE VALUES(1002,10011,TO_DATE ('16-JAN-2012','DD-MON-YYYY'));

INSERT INTO INVOICE VALUES(1003,10012,TO_DATE('16-JAN-2012','DD-MON-YYYY'));

INSERT INTO INVOICE VALUES(1004,10011,TO_DATE('17-JAN-2012','DD-MON-YYYY'));

INSERT INTO INVOICE VALUES(1005,10018,TO_DATE('17-JAN-2012','DD-MON-YYYY'));

INSERT INTO INVOICE VALUES(1006,10014,TO_DATE('17-JAN-2012','DD-MON-YYYY'));

INSERT INTO INVOICE VALUES(1007,10015,TO_DATE('17-JAN-2012','DD-MON-YYYY'));

INSERT INTO INVOICE VALUES(1008,10011,TO_DATE('17-JAN-2012','DD-MON-YYYY'));

INSERT INTO LINE VALUES(1001,1,'13-Q2/P2',1,14.99);

INSERT INTO LINE VALUES(1001,2,'23109-HB',1,9.95);

INSERT INTO LINE VALUES(1002,1,'54778-2T',2,4.99);

INSERT INTO LINE VALUES(1003,1,'2238/QPD',1,38.95);

INSERT INTO LINE VALUES(1003,2,'1546-QQ2',1,39.95);

INSERT INTO LINE VALUES(1003,3,'13-Q2/P2',5,14.99);
 

INSERT INTO LINE VALUES(1005,1,'PVC23DRT',12,5.87);

INSERT INTO LINE VALUES(1006,1,'SM-18277',3,6.99);

INSERT INTO LINE VALUES(1006,2,'2232/QTY',1,109.92);

INSERT INTO LINE VALUES(1006,3,'23109-HB',1,9.95);

INSERT INTO LINE VALUES(1006,4,'89-WRE-Q',1,256.99);

INSERT INTO LINE VALUES(1007,1,'13-Q2/P2',2,14.99);

INSERT INTO LINE VALUES(1007,2,'54778-2T',1,4.99);

INSERT INTO LINE VALUES(1008,1,'PVC23DRT',5,5.87);

INSERT INTO LINE VALUES(1008,2,'WR3/TT3',3,119.95);

INSERT INTO LINE VALUES(1008,3,'23109-HB',1,9.95);

-- formatting dates
ALTER SESSION SET NLS_DATE_FORMAT = 'MM/DD/YYYY';

------------------------------------------------------------------------------------------------------------------------------------
-- 1. List the V_CODE and V_NAME of vendors that provide products using subquery

SELECT V_CODE, V_NAME 
FROM VENDOR
WHERE V_CODE IN (SELECT V_CODE FROM PRODUCT);

-- 2. Find all products with a price greater than or equal to the average product price using a subquery

SELECT * FROM PRODUCT WHERE P_PRICE >= (SELECT AVG(P_PRICE) FROM PRODUCT);

-- 3. Create a PART table with only using the code, description and price columns of PRODUCT

CREATE TABLE PART AS SELECT P_CODE , P_DESCRIPT, P_PRICE FROM PRODUCT;

-- 4. List all products with the total quantity sold greater than the average quantity sold

SELECT P_CODE, SUM(LINE_UNITS) FROM LINE GROUP BY P_CODE HAVING SUM(LINE_UNITS) > (SELECT AVG(LINE_UNITS) FROM LINE);

-- 5. What product(s) have a price equal to the maximum product price using a subquery

SELECT * FROM PRODUCT WHERE P_PRICE = (SELECT MAX(P_PRICE) FROM PRODUCT);

-- 6. What product(s) have the highest inventory value (inventory value = P_QOH * P_PRICE)

SELECT P_CODE, P_DESCRIPT, P_PRICE FROM PRODUCT WHERE P_QOH * P_PRICE = (SELECT MAX(P_QOH * P_PRICE) FROM PRODUCT);

-- 7. List products that have a product cost that is greater than all individual product costs for products provided by vendors from Florida.
-- we use in because we have multiple values, so we can't use '='

SELECT P_CODE, P_PRICE FROM PRODUCT WHERE P_PRICE > ALL
(SELECT P_PRICE FROM PRODUCT WHERE V_CODE IN (SELECT V_CODE FROM VENDOR WHERE V_STATE = 'FL'));

-- 8. What products have a price that exceeds the average product price using a subquery

SELECT * FROM PRODUCT WHERE P_PRICE > (SELECT AVG(P_PRICE) FROM PRODUCT);

-- 9. List products with vendor data for products purchased after 15-JAN-2010 - USE JOIN

SELECT P_CODE, P_DESCRIPT, P_INDATE P_PRICE, V_NAME FROM PRODUCT NATURAL JOIN VENDOR 
WHERE P_INDATE > '01-15-2010';

--Select * from vendor;
--Select * from PRODUCT;
--Select * from CUSTOMER;
--Select * from INVOICE;
--Select * from LINE;
